Seq_ID,Val_C,Val_CA,Val_CB,Type,ID_Source
42,177.208,64.030,32.165,IDP,36426
6,176.632,63.150,32.165,IDP,36426
63,176.641,63.337,32.180,IDP,36426
98,177.109,64.263,31.854,IDP,36426
35,175.3,63.9,31.3,IDP,6972
45,179.9,65.5,30.4,IDP,6972
76,176.7,63.3,30.6,IDP,6972
8,175.7,63.6,31.2,IDP,6972
83,177.2,62.7,33.7,IDP,6972
89,175.7,61.6,31.6,IDP,6972
96,176.9,62.0,30.7,IDP,6972
157,174.00,62.00,31.06,IDP,34300
36,176.09,62.05,31.79,IDP,34300
38,175.51,62.86,32.18,IDP,34300
4,175.67,63.40,31.96,IDP,34300
91,177.77,64.71,31.64,IDP,34300
124,174.506,62.254,30.988,IDP,30080
29,174.506,60.254,30.988,IDP,30080
38,176.823,62.411,30.880,IDP,30080
2,176.96,62.77,31.02,IDP,36294
41,177.35,64.50,30.73,IDP,36294
23,178.407,62.640,31.750,IDP,16109
60,178.511,65.560,31.860,IDP,16109
63,179.464,62.620,31.640,IDP,16109
78,179.519,61.780,32.600,IDP,16109
29,177.342,65.233,30.985,IDP,18677
5,179.911,65.458,31.360,IDP,18677
50,176.495,64.442,31.370,IDP,18677
17,177.991,64.672,31.698,IDP,18582
20,177.616,63.024,32.696,IDP,18582
49,176.070,63.024,31.733,IDP,18582
51,176.178,63.457,31.749,IDP,18582
10,178.508,65.058,31.792,IDP,25740
18,178.093,62.171,32.242,IDP,25740
42,179.207,65.516,32.456,IDP,25740
5,177.731,64.156,31.993,IDP,25740
75,177.625,63.793,32.217,IDP,25740
78,177.280,63.756,32.219,IDP,25740
84,176.737,63.297,32.241,IDP,25740
102,174.885,62.054,30.745,IDP,34517
24,176.948,63.830,31.938,IDP,34517
28,179.129,65.285,32.189,IDP,34517
40,176.745,64.582,31.787,IDP,34517
51,178.665,63.364,32.178,IDP,34517
61,178.785,65.643,30.923,IDP,34517
76,179.473,65.337,31.821,IDP,34517
124,174.506,62.254,30.988,IDP,30081
29,174.506,60.254,30.988,IDP,30081
38,176.823,62.411,30.880,IDP,30081
107,175.414,61.940,38.376,IDP,19736
20,176.916,63.440,32.195,IDP,19736
24,176.043,62.970,32.066,IDP,19736
60,177.102,65.967,31.972,IDP,19736
63,177.432,59.505,32.569,IDP,19736
91,178.988,64.681,32.500,IDP,19736
111,176.290,61.965,32.713,IDP,17403
32,177.599,65.476,32.411,IDP,17403
78,175.740,61.593,35.839,IDP,17403
104,177.897,62.388,31.765,IDP,16240
106,176.866,62.384,31.452,IDP,16240
27,177.130,61.946,33.015,IDP,16240
31,175.898,62.994,33.015,IDP,16240
80,174.434,63.013,32.390,IDP,16240
13,178.195,63.261,31.823,IDP,25677
21,176.963,63.499,32.156,IDP,25677
6,175.137,62.996,31.865,IDP,25677
32,177.151,64.816,32.054,IDP,17018
36,178.955,65.855,30.667,IDP,17018
70,179.168,65.299,31.665,IDP,17018
29,177.459,62.872,32.813,IDP,15074
31,177.828,64.202,31.518,IDP,15074
39,176.647,62.130,32.686,IDP,15074
41,176.908,64.772,32.172,IDP,15074
104,177.509,64.890,32.625,IDP,17683
14,177.058,62.750,32.000,IDP,17683
18,177.028,63.697,32.536,IDP,17683
31,179.643,63.621,31.572,IDP,17683
41,178.951,66.217,31.448,IDP,17683
60,178.771,65.984,30.984,IDP,17683
94,176.998,62.894,32.003,IDP,17683
14,175.4850,64.2590,32.5580,IDP,36161
31,176.5290,62.1280,32.8130,IDP,36161
37,175.8970,62.2100,36.4380,IDP,36161
52,175.7610,64.2620,31.9780,IDP,36161
84,174.6670,62.6730,32.0470,IDP,36161
88,176.4150,64.2690,31.7240,IDP,36161
38,175.813,62.437,33.179,IDP,30632
40,177.114,66.174,31.442,IDP,30632
56,174.471,62.868,32.253,IDP,30632
63,172.978,63.061,32.154,IDP,30632
79,172.463,63.350,32.358,IDP,30632
81,174.665,64.883,31.982,IDP,30632
33,178.569,62.355,29.582,IDP,30635
35,179.869,66.185,31.484,IDP,30635
51,177.240,62.916,32.318,IDP,30635
58,175.737,63.077,32.178,IDP,30635
74,175.232,63.319,32.339,IDP,30635
76,177.412,64.892,32.027,IDP,30635
22,176.9,61.1,33.4,IDP,15743
47,174.9,62.1,32.5,IDP,15743
14,175.86,64.03,32.09,IDP,4599
37,175.32,61.99,36.23,IDP,4599
52,175.38,63.95,31.81,IDP,4599
82,175.55,64.09,31.34,IDP,4599
84,174.76,62.40,31.86,IDP,4599
88,175.81,64.23,31.86,IDP,4599
35,179.305,65.826,31.798,IDP,15821
5,177.132,63.325,31.845,IDP,15821
61,179.261,65.329,32.121,IDP,15821
72,176.799,62.983,32.020,IDP,15821
110,176.530,63.609,31.806,IDP,30655
119,179.056,66.304,32.155,IDP,30655
130,177.507,63.292,32.267,IDP,30655
17,179.701,65.986,32.029,IDP,30655
33,174.148,63.612,32.023,IDP,30655
37,178.505,65.373,31.617,IDP,30655
87,176.502,63.555,31.973,IDP,30655
97,178.637,65.514,32.731,IDP,30655
49,176.379,63.484,32.348,IDP,17017
81,176.538,63.079,32.012,IDP,17017
85,177.146,63.623,32.082,IDP,17017
14,177.2480,61.6490,32.6710,IDP,30197
37,178.5180,62.6110,32.4720,IDP,30197
73,175.7578,63.2030,32.0260,IDP,30197
137,175.080,63.325,32.838,IDP,15247
139,175.666,63.353,32.716,IDP,15247
27,175.401,63.333,31.256,IDP,15247
72,175.981,62.515,33.323,IDP,15247
130,177.220,63.157,32.229,IDP,30773
30,176.685,62.981,32.118,IDP,30773
46,176.773,62.981,32.025,IDP,30773
59,176.815,63.107,32.151,IDP,30773
64,176.668,62.994,32.183,IDP,30773
68,176.990,62.751,32.007,IDP,30773
8,177.132,63.008,32.232,IDP,30773
83,177.041,63.221,32.138,IDP,30773
87,176.583,63.086,32.115,IDP,30773
93,176.597,62.807,32.081,IDP,30773
96,176.430,62.824,32.073,IDP,30773
105,176.861,63.381,32.271,IDP,17312
35,177.981,64.335,31.994,IDP,17312
38,177.323,64.596,32.984,IDP,17312
97,176.541,62.877,32.155,IDP,17312
25,175.811,63.078,32.104,IDP,18195
30,176.651,64.335,32.424,IDP,18195
37,176.240,64.718,32.603,IDP,18195
105,178.656,64.283,31.627,IDP,34223
2,176.912,63.753,32.376,IDP,34223
43,178.128,65.234,28.904,IDP,34223
105,178.603,64.381,31.642,IDP,34224
2,176.827,63.617,32.418,IDP,34224
43,178.000,65.379,29.154,IDP,34224
79,178.7230,65.8470,31.3120,IDP,36162
91,177.6850,63.5370,31.9610,IDP,36162
99,176.9310,63.3560,34.2640,IDP,36162
19,172.102,64.324,32.050,IDP,17388
68,172.491,67.240,33.567,IDP,17388
78,173.535,64.980,31.994,IDP,17388
91,173.743,62.637,32.336,IDP,17388
95,173.053,63.931,32.217,IDP,17388
119,176.457,66.240,31.682,IDP,18179
36,172.189,62.356,31.785,IDP,18179
85,177.881,65.292,31.942,IDP,18179
98,175.650,65.207,31.858,IDP,18179
22,177.94,62.68,32.42,IDP,6335
14,175.86,64.03,32.09,IDP,4497
37,175.32,61.99,36.23,IDP,4497
52,175.38,63.95,31.81,IDP,4497
82,175.55,64.09,31.34,IDP,4497
84,174.76,62.40,31.86,IDP,4497
88,175.81,64.23,31.86,IDP,4497
70,173.830,63.441,34.163,IDP,34286
68,176.987,64.512,32.029,IDP,11342
100,176.793,63.177,32.157,IDP,10084
109,177.154,63.660,32.102,IDP,10084
128,177.350,63.274,32.218,IDP,10084
24,175.854,61.782,32.322,IDP,10084
54,176.083,63.419,32.212,IDP,10084
8,177.021,63.144,32.217,IDP,10084
57,176.024,65.176,32.454,IDP,50167
97,179.107,64.917,33.102,IDP,50167
33,178.600,62.462,33.198,IDP,30629
35,179.889,66.224,31.410,IDP,30629
51,177.264,62.950,32.343,IDP,30629
58,175.725,63.151,32.186,IDP,30629
74,175.280,63.424,32.339,IDP,30629
76,177.434,64.895,31.962,IDP,30629
12,176.49,63.89,31.88,IDP,19059
17,176.55,62.95,31.99,IDP,19059
3,176.64,63.29,32.13,IDP,19059
7,177.16,62.86,31.71,IDP,19059
103,176.963,65.059,32.336,IDP,52635
14,176.777,61.614,32.689,IDP,52635
41,179.013,65.303,31.855,IDP,52635
60,178.763,65.335,32.939,IDP,52635
80,178.065,64.450,31.359,IDP,52635
120,176.5,62.7,31.9,IDP,6971
126,176.5,62.9,31.8,IDP,6971
128,176.8,63.2,32.2,IDP,6971
13,178.3,65.6,32.1,IDP,6971
46,180.5,65.8,31.4,IDP,6971
80,174.9,63.0,36.8,IDP,6971
94,176.4,62.3,32.5,IDP,6971
112,175.97,62.39,33.51,IDP,34758
209,178.17,63.49,32.51,IDP,34758
97,179.27,64.89,32.11,IDP,34758
20,177.208,64.575,32.000,IDP,10091
30,177.742,62.390,32.077,IDP,10091
49,177.694,63.200,32.570,IDP,10091
63,178.239,63.694,31.752,IDP,10091
75,177.912,61.085,32.576,IDP,10091
94,177.599,63.251,32.247,IDP,10091
19,175.427,64.364,32.535,IDP,36077
42,175.882,62.315,36.569,IDP,36077
57,175.683,64.243,32.070,IDP,36077
87,175.865,64.364,31.702,IDP,36077
89,174.957,62.676,32.080,IDP,36077
93,176.041,64.494,32.027,IDP,36077
59,174.2500,63.200,32.1200,IDP,18713
103,176.997,65.326,32.069,IDP,30638
12,177.043,62.964,32.131,IDP,30638
14,176.820,61.722,32.660,IDP,30638
41,178.979,65.610,31.799,IDP,30638
446,177.104,63.432,32.028,IDP,30638
60,178.793,65.472,32.825,IDP,30638
21,176.488,65.232,32.018,IDP,11281
31,178.949,63.206,31.935,IDP,11281
35,178.409,61.377,31.521,IDP,11281
61,175.371,62.924,34.004,IDP,11281
81,176.600,63.686,34.749,IDP,11281
89,176.254,62.714,32.794,IDP,11281
93,176.963,62.959,32.099,IDP,11281
19,177.699,65.025,31.607,IDP,6476
41,179.968,64.611,31.757,IDP,6476
5,178.078,63.389,32.099,IDP,6476
69,178.391,64.087,32.470,IDP,6476
72,178.984,64.668,32.019,IDP,6476
33,177.4,64.9,31.8,IDP,4227
112,175.97,62.39,33.51,IDP,34759
209,178.17,63.49,32.51,IDP,34759
97,179.27,64.89,32.11,IDP,34759
110,176.530,63.609,31.806,IDP,30656
119,179.056,66.304,32.155,IDP,30656
130,177.507,63.292,32.267,IDP,30656
17,179.701,65.986,32.029,IDP,30656
33,174.148,63.612,32.023,IDP,30656
37,178.505,65.373,31.617,IDP,30656
87,176.502,63.555,31.973,IDP,30656
97,178.637,65.514,32.731,IDP,30656
100,175.800,64.426,32.088,IDP,52640
2,176.899,64.374,32.364,IDP,52640
26,176.461,64.272,32.132,IDP,52640
43,176.330,62.690,32.949,IDP,52640
49,175.612,62.447,36.459,IDP,52640
5,177.691,63.837,32.047,IDP,52640
76,177.265,65.184,32.298,IDP,52640
96,174.981,63.077,31.672,IDP,52640
10,177.434,63.535,32.395,IDP,25914
24,175.375,62.349,32.405,IDP,25914
27,175.656,63.683,34.226,IDP,25914
32,176.593,64.074,32.409,IDP,25914
8,176.521,63.367,32.279,IDP,25914
11,176.873,63.903,32.083,IDP,10042
114,177.992,62.623,32.634,IDP,10042
121,177.362,63.272,32.312,IDP,10042
36,175.894,63.685,32.634,IDP,10042
38,177.013,61.856,33.269,IDP,10042
89,177.275,64.954,32.428,IDP,10042
107,175.5600,61.0350,29.3100,IDP,15393
162,177.4100,59.6690,32.6890,IDP,15393
18,176.7700,64.4500,30.8680,IDP,15393
190,176.0300,62.2390,30.7460,IDP,15393
71,177.8300,61.3770,31.0960,IDP,15393
10,177.043,62.964,32.131,IDP,30627
31,176.470,61.164,31.668,IDP,30627
58,178.777,63.002,31.669,IDP,30627
69,178.788,63.118,32.324,IDP,30627
78,177.768,62.770,32.534,IDP,30627
11,177.104,63.432,32.028,IDP,30634
33,178.557,62.454,33.244,IDP,30634
35,179.882,66.204,31.465,IDP,30634
51,177.255,62.926,32.320,IDP,30634
58,175.733,63.115,32.204,IDP,30634
74,175.286,63.337,32.357,IDP,30634
76,177.423,64.895,32.033,IDP,30634
70,177.471,65.670,31.588,IDP,18115
52,178.796,61.480,30.318,IDP,15349
6,175.984,62.732,32.740,IDP,15349
23,178.8470,66.3460,29.3820,IDP,30374
62,176.5240,62.8910,31.6310,IDP,30374
67,177.7250,65.0310,32.7540,IDP,30374
85,176.4230,61.9730,32.2430,IDP,30374
3,178.44,64.27,32.16,IDP,7002
38,178.19,66.23,32.91,IDP,7002
20,177.267,63.011,31.981,IDP,15430
23,176.721,63.059,32.064,IDP,15430
28,176.597,62.607,32.228,IDP,15430
43,176.649,62.768,32.184,IDP,15430
55,177.916,63.784,32.024,IDP,15430
6,176.966,62.919,32.158,IDP,15430
69,177.117,64.175,31.824,IDP,15430
11,174.810,64.420,32.280,IDP,25742
18,174.390,64.720,32.520,IDP,25742
6,173.990,63.100,32.280,IDP,25742
140,179.202,66.515,30.826,IDP,18238
38,177.061,63.229,32.216,IDP,18238
18,175.900,63.316,32.202,IDP,51187
38,176.512,63.486,32.094,IDP,51187
41,177.546,64.750,32.085,IDP,51187
61,179.554,65.453,32.349,IDP,51187
80,176.589,62.932,31.982,IDP,51187
124,174.506,62.254,30.988,IDP,30082
29,174.506,60.254,30.988,IDP,30082
38,176.823,62.411,30.880,IDP,30082
44,178.363,64.199,31.597,IDP,36071
85,178.620,65.987,32.831,IDP,36071
94,176.985,63.355,32.141,IDP,36071
103,176.768,62.442,31.481,IDP,11100
127,177.418,63.310,32.205,IDP,11100
45,175.122,64.728,31.881,IDP,11100
55,180.257,65.959,31.080,IDP,11100
91,177.293,62.949,34.282,IDP,11100
34,174.420,64.164,32.774,IDP,6926
124,174.506,62.254,30.988,IDP,30086
29,174.506,60.254,30.988,IDP,30086
38,176.823,62.411,30.880,IDP,30086
3,176.682,62.721,32.048,IDP,30628
31,176.642,61.284,31.637,IDP,30628
69,178.742,63.036,32.302,IDP,30628
78,177.698,62.696,32.484,IDP,30628
8,176.746,62.748,32.067,IDP,30628
89,175.708,63.379,31.769,IDP,30628
120,178.0,64.25,32.00,IDP,6696
13,177.1,62.70,32.09,IDP,6696
52,178.5,63.86,32.02,IDP,6696
24,177.11,63.13,32.01,IDP,17926
80,178.09,64.13,32.21,IDP,17926
89,177.71,65.24,32.23,IDP,17926
15,175.894,63.315,32.116,IDP,30457
38,177.681,65.160,31.965,IDP,30457
58,179.563,65.538,32.378,IDP,30457
4,175.598,62.279,32.042,IDP,34318
45,180.325,65.95,31.064,IDP,11561
76,176.895,63.922,31.371,IDP,11561
83,176.705,63.36,34.452,IDP,11561
89,175.92,62.523,32.338,IDP,11561
96,177.203,62.644,31.365,IDP,11561
105,177.209,63.976,32.136,IDP,25104
16,177.072,64.838,32.368,IDP,25104
30,181.892,66.227,31.547,IDP,25104
4,176.242,62.832,33.162,IDP,25104
58,178.669,63.086,31.996,IDP,25104
11,173.8,60.4,29.3,IDP,18048
14,174.0,60.3,29.2,IDP,18048
17,174.6,60.5,29.4,IDP,18048
38,174.4,61.4,29.8,IDP,18048
114,176.430,62.080,31.220,IDP,19910
118,177.860,63.900,31.460,IDP,19910
41,175.870,62.080,31.950,IDP,19910
49,175.290,66.920,31.950,IDP,19910
81,173.980,64.380,34.010,IDP,19910
89,174.240,62.690,30.620,IDP,19910
70,173.830,63.426,34.072,IDP,34175
25,175.1869,64.2678,31.3599,IDP,34617
27,178.4177,62.2282,32.4334,IDP,34617
35,176.5480,62.6087,32.8184,IDP,34617
22,180.142,63.763,32.054,IDP,31060
10,176.37,62.11,31.91,IDP,34994
12,173.78,60.56,31.1,IDP,34994
13,176.17,61.23,30.42,IDP,34994
14,173.52,61.49,30.27,IDP,34994
15,176.49,62.82,31.38,IDP,34994
18,177.41,63.87,32.22,IDP,34994
26,176.6,62.89,32.03,IDP,34994
28,174.72,61.51,30.81,IDP,34994
29,177.21,63.1,31.96,IDP,34994
36,175.29,63.92,32.56,IDP,34994
56,178.19,62.44,31.97,IDP,34994
64,177.1,62.85,32.22,IDP,34994
7,177.54,62.53,32.5,IDP,34994
32,174.164,61.503,31.145,IDP,18518
45,175.797,62.111,32.592,IDP,18518
55,176.594,64.315,32.665,IDP,18518
94,178.775,62.943,32.649,IDP,18518
36,178.407,62.097,32.293,IDP,18735
44,176.509,62.369,32.514,IDP,18735
19,175.344,64.423,32.626,IDP,36078
42,175.874,62.349,36.479,IDP,36078
57,175.665,64.243,32.172,IDP,36078
87,175.823,64.384,31.761,IDP,36078
89,174.965,62.700,32.090,IDP,36078
93,175.992,64.518,32.090,IDP,36078
124,174.506,62.254,30.988,IDP,30085
29,174.506,60.254,30.988,IDP,30085
38,176.823,62.411,30.880,IDP,30085
33,177.3,64.8,31.8,IDP,4228
15,176.780,62.695,31.888,IDP,18094
22,176.753,62.780,31.898,IDP,18094
19,177.263,61.597,32.997,IDP,30293
44,176.807,63.523,32.236,IDP,30293
65,179.003,65.583,32.410,IDP,30293
23,178.82,57.72,31.25,IDP,25527
62,176.49,62.61,31.97,IDP,25527
67,177.80,64.57,32.66,IDP,25527
85,176.62,62.07,31.95,IDP,25527
54,178.940,62.446,30.412,IDP,15351
8,64.254,32.026,32.053,IDP,11562
89,176.118,61.89,32.35,IDP,11562
113,177.4,64.0,32.2,IDP,18001
144,176.2,64.2,32.7,IDP,18001
146,176.2,63.7,32.3,IDP,18001
159,177.4,64.2,31.7,IDP,18001
25,173.8,62.4,31.3,IDP,18001
58,175.7,62.4,31.4,IDP,18001
70,179.3,65.8,32.3,IDP,18001
98,176.8,67.4,31.1,IDP,18001
124,174.506,62.254,30.988,IDP,30083
29,174.506,60.254,30.988,IDP,30083
38,176.823,62.411,30.880,IDP,30083
18,179.247,65.370,32.610,IDP,25454
23,178.637,65.770,31.182,IDP,25454
52,179.686,66.190,31.270,IDP,25454
62,177.511,65.430,31.800,IDP,25454
78,176.058,63.260,31.956,IDP,25454
31,174.71298,64.33167,32.10169,IDP,51532
7,177.33989,63.25367,32.18342,IDP,51532
76,174.01301,65.3075,32.44846,IDP,51532
50,177.7,64.5,31.8,IDP,18156
54,177.5,63.2,32.3,IDP,18156
90,175.1,63.1,32.6,IDP,18156
28,175.57,62.71,32.44,IDP,4677
32,176.97,63.51,32.05,IDP,4677
54,176.98,63.40,31.99,IDP,4677
66,175.91,62.14,31.78,IDP,4677
9,176.69,63.36,32.57,IDP,4677
25,175.635,63.362,31.839,IDP,19163
45,177.269,64.723,32.070,IDP,19163
49,178.030,64.468,32.173,IDP,19163
26,177.05,63.54,32.08,IDP,34512
44,178.621,62.753,32.714,IDP,11263
80,176.938,63.321,32.005,IDP,11263
22,176.93,62.8,31.7,IDP,18520
27,177.38,62.8,31.7,IDP,18520
17,174.04,61.54,30.68,IDP,5753
19,177.55,62.26,32.64,IDP,5753
3,177.19,63.30,32.23,IDP,5753
119,176.899,65.756,30.755,IDP,18178
36,172.506,61.842,31.036,IDP,18178
6,177.082,62.552,31.250,IDP,18178
85,178.288,64.797,31.183,IDP,18178
91,176.439,61.711,33.249,IDP,18178
98,176.032,64.753,31.155,IDP,18178
12,178.132,63.700,32.800,IDP,36045
30,178.287,65.900,30.900,IDP,36045
45,177.899,65.800,31.900,IDP,36045
60,179.373,66.000,30.900,IDP,36045
104,177.873,62.464,31.939,IDP,15950
106,176.823,62.508,31.650,IDP,15950
27,177.016,61.943,32.492,IDP,15950
31,175.841,62.996,32.696,IDP,15950
80,176.902,62.969,32.431,IDP,15950
23,179.871,66.015,31.949,IDP,11417
39,179.057,66.406,32.078,IDP,11417
43,177.793,65.311,31.510,IDP,11417
115,176.375,64.366,31.605,IDP,26012
23,176.735,63.557,32.318,IDP,26012
124,177.476,63.423,31.851,IDP,30939
131,176.784,63.167,31.85,IDP,30939
154,176.799,63.141,31.801,IDP,30939
16,177.481,66.636,31.007,IDP,30939
175,176.434,63.152,31.886,IDP,30939
177,176.543,63.584,31.936,IDP,30939
190,177.098,63.539,31.935,IDP,30939
203,176.911,63.434,31.74,IDP,30939
267,176.53,64.164,31.192,IDP,30939
31,176.353,63.133,31.189,IDP,30939
60,176.874,63.525,31.232,IDP,30939
67,177.094,63.92,31.275,IDP,30939
98,176.874,63.936,31.778,IDP,30939
2,176.723,63.244,32.070,IDP,50007
61,177.240,64.603,31.837,IDP,50007
66,175.755,62.972,30.677,IDP,50007
19,177.151,61.727,32.67,IDP,5500
42,178.56,62.673,32.231,IDP,5500
78,176.281,62.984,31.713,IDP,5500
64,177.462,63.248,32.171,IDP,11274
9,177.268,63.599,31.992,IDP,11274
40,177.279,63.625,32.141,IDP,30633
46,176.841,63.061,32.111,IDP,30633
48,176.975,63.282,32.145,IDP,30633
74,176.893,63.315,32.055,IDP,30633
80,176.682,63.267,32.050,IDP,30633
124,174.506,62.254,30.988,IDP,30084
29,174.506,60.254,30.988,IDP,30084
38,176.823,62.411,30.880,IDP,30084
11,175.581,63.844,32.153,IDP,30636
36,179.837,66.197,31.444,IDP,30636
52,177.255,62.891,32.291,IDP,30636
59,175.609,63.002,32.361,IDP,30636
75,175.008,63.358,32.493,IDP,30636
77,177.439,64.897,32.059,IDP,30636
17,177.991,64.672,31.698,IDP,18581
20,177.616,63.024,32.696,IDP,18581
49,176.070,63.024,31.733,IDP,18581
51,176.178,63.457,31.749,IDP,18581
10,175.0,63.1,32.8,REPLIEE,6194
12,174.0,63.1,31.7,REPLIEE,6194
2,177.3,63.4,32.2,REPLIEE,6194
6,175.5,62.4,33.4,REPLIEE,6194
115,178.76,67.40,31.03,REPLIEE,5031
130,173.46,61.75,33.36,REPLIEE,5031
61,177.55,64.26,31.94,REPLIEE,5031
78,174.05,64.15,31.48,REPLIEE,5031
90,177.02,64.13,32.26,REPLIEE,5031
93,176.79,63.20,32.04,REPLIEE,5031
134,177.4,63.70,32.10,REPLIEE,4386
156,177.0,63.30,32.20,REPLIEE,4386
58,178.8,65.00,32.10,REPLIEE,4386
63,180.0,66.00,30.80,REPLIEE,4386
98,176.9,64.40,32.10,REPLIEE,4386
110,177.2,66.9,30.8,REPLIEE,5010
119,177.6,62.8,34.9,REPLIEE,5010
150,176.1,62.5,30.0,REPLIEE,5010
57,176.4,65.0,33.2,REPLIEE,5010
67,176.6,65.5,31.9,REPLIEE,5010
68,177.49,64.76,31.94,REPLIEE,4579
73,176.17,59.28,36.62,REPLIEE,4579
58,176.74,61.63,32.86,REPLIEE,5065
23,175.5,63.5,31.9,REPLIEE,5070
33,177.3,62.8,32.2,REPLIEE,5070
45,175.2,64.0,31.9,REPLIEE,5070
24,177.10,63.10,32.70,REPLIEE,4935
30,179.00,63.60,32.50,REPLIEE,4935
17,178.532,66.219,32.403,REPLIEE,5055
40,176.859,64.259,32.992,REPLIEE,5055
48,177.657,66.749,31.924,REPLIEE,5055
60,176.681,64.884,33.122,REPLIEE,5055
10,176.522,63.105,32.111,REPLIEE,5334
104,177.334,64.902,32.480,REPLIEE,5334
125,177.695,64.119,31.696,REPLIEE,5334
131,177.083,63.754,32.134,REPLIEE,5334
14,176.804,62.499,32.248,REPLIEE,5334
32,176.199,63.027,31.620,REPLIEE,5334
35,179.513,66.905,31.986,REPLIEE,5334
5,176.537,64.121,32.179,REPLIEE,5334
50,177.984,61.794,33.562,REPLIEE,5334
92,178.533,63.605,32.132,REPLIEE,5334
96,177.917,63.141,32.950,REPLIEE,5334
57,177.3,62.4,31.4,REPLIEE,4603
69,177.5,66.0,31.3,REPLIEE,4603
13,178.910,66.063,32.045,REPLIEE,5315
36,175.824,64.110,32.443,REPLIEE,5315
44,178.089,66.541,31.924,REPLIEE,5315
56,176.564,65.005,32.366,REPLIEE,5315
13,176.7,63.6,32.6,REPLIEE,4202
28,176.2,63.1,32.4,REPLIEE,4202
62,175.5,62.3,32.2,REPLIEE,4202
66,177.1,64.5,30.7,REPLIEE,4202
74,178.8,63.8,31.0,REPLIEE,4202
112,177.876,65.802,31.017,REPLIEE,5532
120,174.674,62.980,33.681,REPLIEE,5532
140,174.831,62.687,32.364,REPLIEE,5532
37,176.049,61.238,32.025,REPLIEE,5532
60,176.535,61.215,30.796,REPLIEE,5532
62,176.944,61.563,31.759,REPLIEE,5532
81,175.438,62.203,33.989,REPLIEE,5532
91,178.003,62.437,32.356,REPLIEE,5532
147,177.270,62.030,30.987,REPLIEE,5072
164,176.024,63.315,30.575,REPLIEE,5072
179,175.724,61.683,30.493,REPLIEE,5072
22,176.100,63.397,30.493,REPLIEE,5072
39,177.301,63.124,31.405,REPLIEE,5072
65,176.655,64.230,30.575,REPLIEE,5072
10,176.15,62.91,31.69,REPLIEE,4791
113,176.639,62.8,31.37,REPLIEE,4791
12,176.49,62.91,31.58,REPLIEE,4791
131,177.31,63.34,31.48,REPLIEE,4791
139,176.69,62.27,31.9,REPLIEE,4791
26,176.844,62.91,31.69,REPLIEE,4791
33,177.39,60.25,31.41,REPLIEE,4791
79,179,61.81,31.43,REPLIEE,4791
105,178.2,64.6,32.7,REPLIEE,5554
16,178.9,65.9,32.5,REPLIEE,5554
5,176.8,62.7,30.7,REPLIEE,5554
7,176.1,63.4,31.8,REPLIEE,5554
74,178.7,66.6,31.5,REPLIEE,5554
16,174.4,61.4,29.8,REPLIEE,4621
22,174.3,60.6,30.0,REPLIEE,4621
26,174.5,62.0,30.2,REPLIEE,4621
31,174.9,60.2,29.7,REPLIEE,4621
41,173.3,61.0,29.5,REPLIEE,4621
65,174.3,61.9,30.0,REPLIEE,4621
70,176.0,60.3,29.4,REPLIEE,4621
72,174.3,60.0,30.4,REPLIEE,4621
75,174.3,60.8,30.0,REPLIEE,4621
80,174.6,60.5,29.7,REPLIEE,4621
105,172.8,62.7,32.7,REPLIEE,4186
80,173.6,63.8,33.0,REPLIEE,4186
43,177.9,64.6,32.0,REPLIEE,4880
52,174.2,62.2,31.1,REPLIEE,4880
76,178.7,66.0,32.0,REPLIEE,4880
123,177.104,61.825,32.836,REPLIEE,4519
136,177.753,63.342,32.282,REPLIEE,4519
145,177.25,65.30,31.38,REPLIEE,4798
177,178.39,64.00,32.14,REPLIEE,4798
39,177.39,64.39,32.15,REPLIEE,4798
13,176.9,64.9,32.9,REPLIEE,5335
29,172.7,64.0,35.2,REPLIEE,5335
51,176.9,63.5,32.3,REPLIEE,5335
66,176.9,63.3,32.2,REPLIEE,5335
28,176.16,63.377,32.213,REPLIEE,4752
1,171.0,62.4,31.7,REPLIEE,5578
38,174.2,62.9,33.1,REPLIEE,5578
65,176.403,64.258,32.049,REPLIEE,5041
72,176.796,26.447,32.200,REPLIEE,5041
87,174.615,64.100,32.312,REPLIEE,5041
12,175.94,63.04,32.50,REPLIEE,4405
21,178.49,62.81,33.03,REPLIEE,4405
3,176.53,63.67,32.13,REPLIEE,4405
52,176.65,63.30,32.11,REPLIEE,4405
43,175.9,64.035,32.432,REPLIEE,4984
61,177.7,62.664,33.03,REPLIEE,4984
71,176.8,63.6,32.3,REPLIEE,5624
95,177.5,64.6,32.2,REPLIEE,5624
101,176.645,62.501,32.717,REPLIEE,5211
121,176.520,63.274,31.886,REPLIEE,5211
38,177.555,63.448,31.721,REPLIEE,5211
70,177.512,63.701,31.732,REPLIEE,5211
90,177.375,62.690,32.111,REPLIEE,5211
97,175.182,62.509,31.517,REPLIEE,5211
42,178.88,65.91,31.91,REPLIEE,4825
75,178.06,63.80,34.09,REPLIEE,4825
96,176.55,61.82,30.48,REPLIEE,4825
23,176.852,62.040,31.786,REPLIEE,10123
26,175.407,63.027,32.670,REPLIEE,10123
33,176.722,62.366,32.422,REPLIEE,10123
40,175.483,62.225,32.033,REPLIEE,10123
45,174.921,62.191,30.942,REPLIEE,10123
59,178.393,65.214,32.279,REPLIEE,10123
64,177.180,64.814,32.915,REPLIEE,10123
93,177.460,63.292,32.281,REPLIEE,10123
103,176.5,63.0,31.9,REPLIEE,5075
15,177.1,63.4,31.9,REPLIEE,5075
20,177.5,63.6,31.9,REPLIEE,5075
54,176.9,64.2,33.9,REPLIEE,5075
65,177.9,64.8,31.9,REPLIEE,5075
77,175.9,63.2,31.2,REPLIEE,5075
83,172.7,63.8,32.4,REPLIEE,5075
90,176.8,64.5,32.4,REPLIEE,5075
19,177.151,61.727,32.67,REPLIEE,5500
42,178.56,62.673,32.231,REPLIEE,5500
78,176.281,62.984,31.713,REPLIEE,5500
10,176.4,61.9,31.4,REPLIEE,4448
129,176.0,63.0,32.0,REPLIEE,4448
139,177.3,66.4,31.7,REPLIEE,4448
152,180.1,65.9,31.1,REPLIEE,4448
163,177.2,65.5,31.0,REPLIEE,4448
37,176.4,63.8,31.7,REPLIEE,4448
43,173.4,64.4,31.7,REPLIEE,4448
53,176.2,66.2,31.8,REPLIEE,4448
77,174.0,64.7,29.7,REPLIEE,4448
9,173.9,60.3,29.6,REPLIEE,4448
108,178.88,66.99,30.32,REPLIEE,4334
119,179.09,65.77,31.99,REPLIEE,4334
23,179.19,65.14,32.31,REPLIEE,4334
42,176.77,62.50,32.56,REPLIEE,4334
47,175.27,62.13,31.92,REPLIEE,4334
88,177.52,62.80,32.50,REPLIEE,4334
127,176.3,60.2,30.3,REPLIEE,5181
14,175.8,62.7,32.0,REPLIEE,5181
144,176.9,63.9,32.7,REPLIEE,5181
168,176.7,63.5,32.1,REPLIEE,5181
40,175.5,62.7,33.0,REPLIEE,5181
51,175.3,63.1,30.5,REPLIEE,5181
68,176.5,65.2,31.6,REPLIEE,5181
77,175.3,63.0,35.2,REPLIEE,5181
82,177.8,63.9,32.8,REPLIEE,5181
27,178.9,65.3,32.3,REPLIEE,5115
6,175.6,63.3,36.2,REPLIEE,5115
91,179.0,65.0,32.6,REPLIEE,5115
94,175.8,65.7,31.8,REPLIEE,5115
124,175.275,61.741,31.788,REPLIEE,5557
21,176.287,63.260,31.061,REPLIEE,5557
29,173.783,63.582,31.750,REPLIEE,5557
51,175.436,61.901,30.928,REPLIEE,5557
84,176.009,60.256,32.379,REPLIEE,5557
96,176.044,63.468,32.286,REPLIEE,5557
113,177.52,66.57,31.95,REPLIEE,6054
128,177.50,66.07,31.31,REPLIEE,6054
21,179.56,64.10,32.13,REPLIEE,6054
40,176.17,66.47,31.80,REPLIEE,6054
68,176.22,62.54,32.05,REPLIEE,6054
99,176.17,63.50,32.46,REPLIEE,6054
12,176.767,63.043,32.110,REPLIEE,5473
22,176.597,63.030,33.394,REPLIEE,5473
106,175.96,61.76,32.06,REPLIEE,5208
155,175.81,61.66,30.98,REPLIEE,5208
165,177.18,62.92,31.67,REPLIEE,5208
167,177.82,62.89,30.90,REPLIEE,5208
185,176.72,66.25,31.52,REPLIEE,5208
26,177.06,63.67,31.67,REPLIEE,5208
6,178.48,62.51,31.98,REPLIEE,5208
97,176.60,62.26,31.36,REPLIEE,5208
71,178.73,65.268,30.763,REPLIEE,5148
86,175.772,63.403,30.763,REPLIEE,5148
95,174.946,62.272,28.097,REPLIEE,5148
59,176.6,65.8,31.9,REPLIEE,5481
57,176.72,63.09,32.39,REPLIEE,4895
10,175.0,63.1,32.8,REPLIEE,5702
12,174.0,63.1,31.7,REPLIEE,5702
6,175.5,62.4,33.4,REPLIEE,5702
110,174.5,61.9,31.6,REPLIEE,4574
34,173.8,62.0,31.9,REPLIEE,4574
37,172.8,61.9,32.4,REPLIEE,4574
9,175.4,63.9,31.6,REPLIEE,4574
2,177.200,64.0600,32.9400,REPLIEE,5499
4,176.600,63.8700,32.7500,REPLIEE,5499
41,177.700,64.9900,32.1900,REPLIEE,5499
44,180.100,66.8600,32.7500,REPLIEE,5499
52,178.200,64.4300,32.0000,REPLIEE,5499
74,179.000,66.4800,31.8200,REPLIEE,5499
146,177.48,66.41,32.19,REPLIEE,4492
36,178.04,65.09,31.90,REPLIEE,4492
52,175.85,63.17,32.28,REPLIEE,4492
39,178.4,63.4,35.5,REPLIEE,4230
4,179.5,66.1,32.0,REPLIEE,4230
44,176.9,63.2,32.5,REPLIEE,4230
62,176.4,63.1,31.1,REPLIEE,4230
97,177.4,60.8,32.5,REPLIEE,4230
11,175.5,63.3,32.5,REPLIEE,5232
144,176.1,62.5,32.3,REPLIEE,5232
146,178.8,63.2,31.3,REPLIEE,5232
42,179.0,64.8,32.1,REPLIEE,5232
104,174.348,62.790,32.176,REPLIEE,4668
116,175.861,62.993,32.067,REPLIEE,4668
38,176.462,63.743,32.072,REPLIEE,4668
44,176.563,63.744,32.963,REPLIEE,4668
76,177.893,61.808,32.839,REPLIEE,4668
93,177.880,62.935,32.341,REPLIEE,4668
16,177.64,64.77,32.05,REPLIEE,5564
2,176.97,63.05,32.32,REPLIEE,5564
33,175.82,62.18,35.89,REPLIEE,5564
41,175.91,63.53,32.59,REPLIEE,5564
88,177.49,64.45,32.21,REPLIEE,5564
98,177.36,62.89,32.15,REPLIEE,5564
21,177.01,64.60,33.60,REPLIEE,5631
37,175.50,63.30,31.40,REPLIEE,5631
40,176.42,64.50,32.20,REPLIEE,5631
52,177.16,64.60,31.90,REPLIEE,5631
55,178.15,65.10,32.90,REPLIEE,5631
62,177.37,63.40,31.40,REPLIEE,5631
11,173.67,61.67,31.57,REPLIEE,4053
31,175.47,61.07,30.47,REPLIEE,4053
47,175.47,63.07,30.57,REPLIEE,4053
46,175.5,62.6,35.0,REPLIEE,5620
6,176.6,63.0,34.9,REPLIEE,5620
16,176.92,61.65,32.75,REPLIEE,5297
35,175.52,63.94,31.17,REPLIEE,5297
53,176.25,62.34,31.69,REPLIEE,5297
78,177.77,64.23,32.16,REPLIEE,5297
86,176.60,61.55,29.41,REPLIEE,5297
108,175.69,62.2,31.68,REPLIEE,4566
124,176.655,64.279,31.598,REPLIEE,5876
160,174.921,65.796,32.210,REPLIEE,5876
34,177.778,65.386,32.618,REPLIEE,5876
49,175.683,63.085,34.886,REPLIEE,5876
76,175.661,63.118,33.639,REPLIEE,5876
95,175.661,63.338,32.497,REPLIEE,5876
126,179.63,65.10,31.90,REPLIEE,4717
4,176.74,62.90,32.20,REPLIEE,4717
51,175.23,64.60,31.90,REPLIEE,4717
56,175.87,62.70,32.30,REPLIEE,4717
67,176.45,63.90,33.50,REPLIEE,4717
72,176.89,64.00,32.00,REPLIEE,4717
80,176.43,64.50,32.50,REPLIEE,4717
89,175.90,63.00,35.60,REPLIEE,4717
20,177.76,65.555,32.477,REPLIEE,5242
56,176.35,64.031,33.015,REPLIEE,5242
41,175.42,65.32,32.24,REPLIEE,5225
59,178.45,67.33,32.60,REPLIEE,5225
69,177.72,63.26,31.38,REPLIEE,5225
73,175.36,63.35,31.59,REPLIEE,5225
76,175.54,61.01,34.47,REPLIEE,5225
15,176.8,62.2,31.4,REPLIEE,5060
37,175.6,63.3,33.2,REPLIEE,5060
39,178.1,66.2,31.4,REPLIEE,5060
52,177.6,63.2,31.0,REPLIEE,5060
63,179.2,65.2,30.9,REPLIEE,5060
70,177.8,65.8,30.3,REPLIEE,5060
88,177.2,63.4,30.7,REPLIEE,5060
17,176.9390,63.1920,32.2450,REPLIEE,4641
20,174.8260,63.1500,32.2410,REPLIEE,4641
4,177.7060,63.6720,32.0890,REPLIEE,4641
52,175.6380,62.3690,32.3770,REPLIEE,4641
73,175.1200,63.6970,32.2400,REPLIEE,4641
14,178.5,65.4,31.4,REPLIEE,5389
37,175.3,63.6,31.6,REPLIEE,5389
45,177.7,66.1,31.2,REPLIEE,5389
57,176.2,64.5,31.8,REPLIEE,5389
132,176.444,63.010,31.936,REPLIEE,5316
148,178.565,65.168,31.730,REPLIEE,5316
165,178.525,65.995,31.671,REPLIEE,5316
169,180.067,65.271,30.525,REPLIEE,5316
216,177.073,62.938,31.721,REPLIEE,5316
22,178.426,63.295,30.999,REPLIEE,5316
221,176.895,62.778,32.093,REPLIEE,5316
224,178.108,63.773,31.451,REPLIEE,5316
230,177.274,62.513,33.708,REPLIEE,5316
254,175.808,64.005,31.937,REPLIEE,5316
278,177.624,63.906,31.868,REPLIEE,5316
47,178.784,64.063,31.627,REPLIEE,5316
65,178.047,65.564,30.899,REPLIEE,5316
11,179.4,64.88,32.05,REPLIEE,5398
111,179.8,62.41,31.39,REPLIEE,5398
124,177.8,62.60,31.73,REPLIEE,5398
136,174.8,62.32,32.58,REPLIEE,5398
140,179.5,65.19,31.27,REPLIEE,5398
183,176.8,63.86,31.16,REPLIEE,5398
187,182.0,64.47,31.80,REPLIEE,5398
24,176.1,63.90,31.51,REPLIEE,5398
65,177.3,65.15,31.95,REPLIEE,5398
4,176.01,62.13,31.69,REPLIEE,5392
7,176.72,62.42,31.15,REPLIEE,5392
113,177.50,66.57,31.98,REPLIEE,6053
128,177.47,66.11,31.44,REPLIEE,6053
21,179.43,64.11,32.17,REPLIEE,6053
40,176.18,66.11,32.05,REPLIEE,6053
68,176.35,61.88,32.25,REPLIEE,6053
99,176.15,63.20,32.41,REPLIEE,6053
23,175.21,62.164,32.563,REPLIEE,5596
45,174.335,61.476,31.547,REPLIEE,5596
46,175.977,62.826,29.87,REPLIEE,5596
88,177.446,63.064,32.588,REPLIEE,5596
92,175.552,61.469,31.43,REPLIEE,5596
93,178.727,65.799,32.07,REPLIEE,5596
102,174.9,62.5,34.4,REPLIEE,4735
14,175.7,62.2,32.2,REPLIEE,4735
151,173.3,68.1,31.6,REPLIEE,4735
6,182.3,62.8,31.9,REPLIEE,4735
75,175.5,63.0,31.9,REPLIEE,4735
89,176.3,64.7,32.2,REPLIEE,4735
27,176.5,63.0,32.3,REPLIEE,5004
3,176.9,63.0,32.1,REPLIEE,5004
6,177.5,64.0,32.1,REPLIEE,5004
72,175.8,64.0,31.6,REPLIEE,5004
33,176.23,61.85,31.62,REPLIEE,4833
60,175.98,62.74,31.64,REPLIEE,4833
75,176.80,62.48,32.17,REPLIEE,4833
100,175.63,63.00,31.95,REPLIEE,5538
108,175.80,62.79,31.52,REPLIEE,5538
21,176.84,61.66,31.60,REPLIEE,5538
24,173.49,63.96,32.66,REPLIEE,5538
42,174.39,62.62,31.66,REPLIEE,5538
55,175.83,63.03,34.76,REPLIEE,5538
69,175.14,63.83,32.10,REPLIEE,5538
82,176.46,63.34,32.37,REPLIEE,5538
84,174.28,62.87,33.95,REPLIEE,5538
9,177.33,62.61,31.88,REPLIEE,5538
3,179.408,63.200,32.600,REPLIEE,5345
1,171.1,62.6,31.7,REPLIEE,5579
38,174.8,63.0,31.8,REPLIEE,5579
110,175.9,61.57,31.95,REPLIEE,5049
156,175.9,63.99,35.01,REPLIEE,5049
175,178.2,62.98,32.85,REPLIEE,5049
197,176.7,63.08,31.87,REPLIEE,5049
205,177.3,62.84,32.25,REPLIEE,5049
36,177.1,62.50,32.15,REPLIEE,5049
49,177.1,64.90,31.63,REPLIEE,5049
5,176.2,63.31,31.93,REPLIEE,5049
15,176.5,62.9,34.1,REPLIEE,5729
37,177.6,64.4,32.5,REPLIEE,5729
58,174.9,64.5,32.6,REPLIEE,5729
32,177.1,64.45,31.24,REPLIEE,5077
21,180.26,66.40,32.15,REPLIEE,4879
28,174.59,62.02,32.82,REPLIEE,4879
31,174.47,64.20,33.55,REPLIEE,4879
33,176.03,62.01,35.51,REPLIEE,4879
36,178.69,66.75,31.37,REPLIEE,4879
5,175.75,63.21,31.94,REPLIEE,4879
68,176.88,64.57,32.49,REPLIEE,4879
8,176.97,65.20,32.49,REPLIEE,4879
112,176.239,64.031,36.434,REPLIEE,5275
117,175.351,64.293,31.559,REPLIEE,5275
137,173.266,63.209,30.620,REPLIEE,5275
164,177.808,63.171,32.212,REPLIEE,5275
23,175.372,60.988,33.662,REPLIEE,5275
26,176.115,64.515,32.113,REPLIEE,5275
32,176.414,61.577,31.428,REPLIEE,5275
41,176.570,62.519,33.171,REPLIEE,5275
65,176.797,62.517,31.206,REPLIEE,5275
53,177.81,62.56,32.35,REPLIEE,4401
53,178.152,60.567,32.500,REPLIEE,4927
133,171.7800,62.5800,31.6800,REPLIEE,4679
139,172.6300,63.2600,27.5500,REPLIEE,4679
152,176.2000,62.8900,33.1600,REPLIEE,4679
24,177.4100,63.1900,31.7100,REPLIEE,4679
47,176.6700,62.3100,31.0400,REPLIEE,4679
5,177.2100,64.3300,31.7000,REPLIEE,4679
74,178.3600,63.0400,31.5600,REPLIEE,4679
88,174.4900,64.1800,31.6700,REPLIEE,4679
94,179.7,63.2,31.9,REPLIEE,5745
34,178.48,65.21,32.38,REPLIEE,5308
40,180.0851,65.73,31.08,REPLIEE,5308
67,179.59,65.67,30.771,REPLIEE,5308
75,177.04,63.546,34.96,REPLIEE,5308
25,178.90,64.83,32.56,REPLIEE,5459
47,176.31,64.44,31.34,REPLIEE,5459
111,176.507,63.408,32.669,REPLIEE,5354
5,177.366,64.231,32.050,REPLIEE,5354
89,177.867,62.353,31.477,REPLIEE,5354
10,179.95,65.54,31.79,REPLIEE,5357
22,173.79,63.07,32.59,REPLIEE,5357
69,174.19,61.19,32.38,REPLIEE,5357
8,176.74,62.28,32.34,REPLIEE,5357
81,175.53,64.85,32.42,REPLIEE,5357
123,173.867,63.817,32.210,REPLIEE,5366
24,174.281,65.929,32.762,REPLIEE,5366
34,174.790,66.080,32.160,REPLIEE,5366
61,173.702,63.509,31.512,REPLIEE,5366
65,172.465,63.509,30.788,REPLIEE,5366
68,175.345,63.638,32.414,REPLIEE,5366
82,177.273,65.556,32.422,REPLIEE,5366
108,174.39,62.79,31.45,REPLIEE,4775
135,175.00,61.77,31.62,REPLIEE,4775
156,174.47,62.57,31.61,REPLIEE,4775
21,177.34,65.51,32.28,REPLIEE,5498
55,177.46,60.36,31.06,REPLIEE,5498
40,177.7148,62.7400,32.2600,REPLIEE,5465
68,177.8116,65.2600,32.2800,REPLIEE,5465
83,175.9193,63.4000,32.0000,REPLIEE,5465
4,175.861,62.377,31.893,REPLIEE,5178
7,175.240,62.729,32.949,REPLIEE,5178
100,176.6,62.5,31.8,REPLIEE,4156
6,175.5,64.3,32.9,REPLIEE,4156
128,177.416,63.901,32.238,REPLIEE,5194
131,176.646,61.469,31.152,REPLIEE,5194
15,178.199,65.562,32.295,REPLIEE,5194
41,179.060,62.942,32.786,REPLIEE,5194
68,173.560,62.511,32.665,REPLIEE,5194
79,177.384,62.634,32.933,REPLIEE,5194
13,176.4,62.6,33.0,REPLIEE,4437
45,176.2,63.7,32.6,REPLIEE,4437
47,175.5,63.7,32.4,REPLIEE,4437
81,176.9,64.2,31.9,REPLIEE,4437
85,176.9,62.9,32.8,REPLIEE,4437
12,176.6,63.6,32.1,REPLIEE,5690
43,174.4,62.4,32.4,REPLIEE,5690
47,177.3,64.0,31.5,REPLIEE,5690
25,179.4,66.0,31.3,REPLIEE,5162
55,175.3,63.3,32.2,REPLIEE,5162
82,179.9,66.3,31.4,REPLIEE,5162
95,177.4,62.5,32.0,REPLIEE,5162
104,180.047,65.426,31.417,REPLIEE,4447
108,179.443,65.522,31.155,REPLIEE,4447
138,176.819,64.038,31.297,REPLIEE,4447
154,175.386,60.929,31.352,REPLIEE,4447
49,176.664,63.426,32.246,REPLIEE,4447
76,176.542,62.692,32.478,REPLIEE,4447
62,178.3,62.3,32.0,REPLIEE,4797
66,172.9,62.8,31.0,REPLIEE,4797
81,178.1,62.5,29.7,REPLIEE,4797
74,173.51,63.38,30.33,REPLIEE,5078
16,175.59,65.26,31.10,REPLIEE,4601
27,171.8,61.0,31.7,REPLIEE,4395
37,174.3,61.8,30.7,REPLIEE,4395
81,175.7,63.2,30.4,REPLIEE,4395
84,172.6,60.6,26.7,REPLIEE,4395
21,178.949,63.316,32.378,REPLIEE,5306
9,176.286,62.691,31.753,REPLIEE,5306
64,176.079,64.116,32.753,REPLIEE,10097
69,175.982,61.064,34.823,REPLIEE,10097
18,176.44,62.62,31.05,REPLIEE,4455
22,176.55,63.20,31.79,REPLIEE,4455
80,177.03,63.93,32.26,REPLIEE,4455
22,178.4,63.3,32.6,REPLIEE,5328
54,177.8,63.7,34,REPLIEE,5328
67,175.9,63.2,32.8,REPLIEE,5328
1,176.33,63.13,32.06,REPLIEE,4184
21,176.50,63.00,32.42,REPLIEE,4184
33,179.05,66.41,31.42,REPLIEE,4184
41,178.43,62.64,32.83,REPLIEE,4184
6,179.39,66.17,31.96,REPLIEE,4184
80,176.71,62.34,32.08,REPLIEE,4184
82,175.00,62.71,32.84,REPLIEE,4184
87,179.17,65.77,31.98,REPLIEE,4184
92,177.92,66.27,31.97,REPLIEE,4184
80,176.4,63.58,31.89,REPLIEE,4198
82,176.2,63.18,32.21,REPLIEE,4198
28,175.57,62.71,32.44,REPLIEE,4677
32,176.97,63.51,32.05,REPLIEE,4677
54,176.98,63.40,31.99,REPLIEE,4677
66,175.91,62.14,31.78,REPLIEE,4677
9,176.69,63.36,32.57,REPLIEE,4677
57,177.690,60.868,30.147,REPLIEE,10122
65,177.670,62.858,31.861,REPLIEE,10122
71,177.211,62.752,31.771,REPLIEE,10122
103,177.396,64.531,31.467,REPLIEE,5902
34,176.761,61.882,31.678,REPLIEE,5902
37,175.046,62.703,32.101,REPLIEE,5902
44,176.758,62.895,32.101,REPLIEE,5902
70,178.182,65.062,31.89,REPLIEE,5902
75,178.565,64.216,32.524,REPLIEE,5902
86,175.645,63.76,32.428,REPLIEE,5902
10,176.6,62.1,31.8,REPLIEE,5054
129,175.4,63.3,32.8,REPLIEE,5054
139,177.4,66.5,32.2,REPLIEE,5054
152,180.4,66.3,31.5,REPLIEE,5054
163,177.3,65.6,31.6,REPLIEE,5054
2,176.9,63.1,32.5,REPLIEE,5054
37,176.3,63.7,32.2,REPLIEE,5054
43,172.2,64.6,31.7,REPLIEE,5054
53,176.1,66.6,32.0,REPLIEE,5054
77,174.0,64.8,30.4,REPLIEE,5054
85,175.1,61.9,31.6,REPLIEE,5054
86,178.9,66.9,32.4,REPLIEE,5054
9,173.9,60.4,30.1,REPLIEE,5054
121,176.30,60.53,32.54,REPLIEE,4188
42,171.56,64.77,33.68,REPLIEE,4188
44,177.59,64.45,34.27,REPLIEE,4188
54,176.74,64.45,32.30,REPLIEE,4188
6,176.93,63.84,31.97,REPLIEE,4188
69,174.84,62.38,33.06,REPLIEE,4188
81,176.63,63.70,31.89,REPLIEE,4188
42,177.6,65.2,31.5,REPLIEE,4957
92,177.5,64.2,31.8,REPLIEE,4957
26,176.2,64.4,30.7,REPLIEE,5276
38,176.1,63.1,30.5,REPLIEE,5276
47,172.8,60.0,30.9,REPLIEE,5276
9,174.9,60.8,30.9,REPLIEE,5276
18,175.22,64.59,31.78,REPLIEE,5185
30,177.77,64.67,31.91,REPLIEE,5185
39,174.13,63.69,36.05,REPLIEE,5185
43,175.26,60.79,30.31,REPLIEE,5185
60,178.25,62.15,31.68,REPLIEE,5185
75,176.35,64.47,31.45,REPLIEE,5185
96,177.04,63.67,31.95,REPLIEE,5185
105,172.00,62.73,31.90,REPLIEE,4945
109,172.80,62.90,32.10,REPLIEE,4945
112,172.80,63.37,32.05,REPLIEE,4945
123,173.80,64.50,31.80,REPLIEE,4945
58,175.70,66.01,30.57,REPLIEE,4945
7,174.70,63.30,31.94,REPLIEE,4945
18,180.0,65.1,31.6,REPLIEE,5757
110,177.400,62.758,31.496,REPLIEE,5261
129,177.451,66.142,31.775,REPLIEE,5261
36,177.045,61.961,33.554,REPLIEE,5261
48,175.595,61.499,34.797,REPLIEE,5261
65,175.367,63.390,31.883,REPLIEE,5261
81,174.966,62.467,32.274,REPLIEE,5261
152,176.21,67.46,32.51,REPLIEE,4265
175,178.54,64.87,32.75,REPLIEE,4265
184,175.79,63.84,32.75,REPLIEE,4265
37,177.77,64.35,33.42,REPLIEE,4265
108,177.0000,64.0200,31.9800,REPLIEE,5018
25,179.7500,65.9300,32.1800,REPLIEE,5018
5,173.9900,63.3000,32.1500,REPLIEE,5018
101,174.518,60.108,29.599,REPLIEE,5407
40,175.788,63.991,29.599,REPLIEE,5407
54,172.201,59.78,29.38,REPLIEE,5407
75,174.466,61.66,29.87,REPLIEE,5407
1,181.3046,63.1070,32.6360,REPLIEE,4649
10,176.7910,62.8030,32.4130,REPLIEE,4649
104,177.4921,64.9210,32.3590,REPLIEE,4649
125,178.6455,64.0830,31.8570,REPLIEE,4649
131,178.0178,63.9280,32.1350,REPLIEE,4649
14,178.0986,61.9820,32.6120,REPLIEE,4649
35,180.4808,67.0040,32.0510,REPLIEE,4649
50,178.9540,62.2340,34.3510,REPLIEE,4649
92,179.4696,63.6810,32.0600,REPLIEE,4649
96,178.6933,63.2750,32.8010,REPLIEE,4649
82,176.9,63.6,32.1,REPLIEE,5100
28,176.47,64.11,31.81,REPLIEE,6227
49,177.26,63.89,31.86,REPLIEE,6227
108,177.550,63.000,31.787,REPLIEE,5299
135,177.240,62.968,31.567,REPLIEE,5299
156,177.130,62.507,31.904,REPLIEE,5299
164,176.180,62.479,29.997,REPLIEE,5299
194,177.390,63.026,31.750,REPLIEE,5299
135,179.6,65.8,31.8,REPLIEE,5332
142,178.0,63.2,32.3,REPLIEE,5332
148,177.3,65.3,32.2,REPLIEE,5332
40,178.7,64.5,31.4,REPLIEE,5332
58,178.0,64.2,32.1,REPLIEE,5332
62,177.7,64.1,32.2,REPLIEE,5332
108,178.9,64.7,31.6,REPLIEE,4915
11,176.1,62.5,31.6,REPLIEE,4915
142,176.6,62.6,31.6,REPLIEE,4915
17,175.3,62.5,31.6,REPLIEE,4915
2,176.7,62.5,31.7,REPLIEE,4915
28,176.7,63.1,31.6,REPLIEE,4915
36,176.5,62.7,31.6,REPLIEE,4915
43,176.1,62.5,31.6,REPLIEE,4915
52,175.3,62.5,31.8,REPLIEE,4915
63,178.7,65.8,31.7,REPLIEE,4915
76,179.1,65.3,30.2,REPLIEE,4915
83,179.2,65.3,31.3,REPLIEE,4915
19,175.3,65.4,32.0,REPLIEE,5387
38,178.5,66.1,32.8,REPLIEE,5387
16,177.1,63.5,32,REPLIEE,4938
32,177.9,64.1,31.9,REPLIEE,4938
62,176.2,62.4,32.9,REPLIEE,4938
11,173.67,61.67,31.67,REPLIEE,4052
31,175.47,61.07,30.47,REPLIEE,4052
42,174.47,61.37,30.67,REPLIEE,4052
47,175.37,62.67,30.67,REPLIEE,4052
26,174.973,62.145,35.826,REPLIEE,4996
30,177.821,65.216,31.696,REPLIEE,4996
38,177.328,65.437,32.195,REPLIEE,4996
41,175.173,64.437,32.208,REPLIEE,4996
67,175.947,61.685,36.092,REPLIEE,4996
33,177.4,64.9,31.8,REPLIEE,4227
10,177.620,64.473,31.903,REPLIEE,5131
49,177.378,64.243,31.922,REPLIEE,5131
10,177.187,62.839,31.972,REPLIEE,10119
43,176.9,64.7,31.9,REPLIEE,5326
47,179.0,66.3,31.4,REPLIEE,5326
64,177.7,66.3,31.4,REPLIEE,5326
24,178.0,64.2,32.2,REPLIEE,5329
34,179.0,63.2,32.2,REPLIEE,5329
38,178.4,63.0,32.0,REPLIEE,5329
53,179.1,62.6,31.3,REPLIEE,5329
69,175.3,63.7,32.2,REPLIEE,5329
72,178.2,62.9,32.3,REPLIEE,5329
88,177.4,62.3,30.9,REPLIEE,5329
46,177.382,64.390,32.270,REPLIEE,4147
78,176.646,63.360,32.370,REPLIEE,4147
35,177.896,64.420,32.238,REPLIEE,5653
10,174.9,63.2,32.8,REPLIEE,6192
2,176.6,63.1,32.2,REPLIEE,6192
6,175.4,62.4,33.4,REPLIEE,6192
25,177.507,65.268,31.676,REPLIEE,4841
49,176.167,63.310,31.692,REPLIEE,4841
81,178.145,64.055,32.182,REPLIEE,4841
108,176.9,65.1,31.7,REPLIEE,4417
14,177.3,63.1,32.7,REPLIEE,4417
31,177.3,64.6,31.0,REPLIEE,4417
35,177.4,64.4,31.4,REPLIEE,4417
50,176.7,64.6,31.4,REPLIEE,4417
59,176.0,62.1,32.6,REPLIEE,4417
63,175.4,64.6,31.4,REPLIEE,4417
90,175.7,62.9,32.0,REPLIEE,4417
35,177.896,64.420,32.238,REPLIEE,5633
119,176.50,64.97,32.43,REPLIEE,4664
123,180.40,65.91,32.57,REPLIEE,4664
147,177.30,63.23,33.73,REPLIEE,4664
4,176.70,64.12,33.08,REPLIEE,4664
56,178.20,66.40,32.43,REPLIEE,4664
102,177.22,62.7,31.8,REPLIEE,6313
64,177.47,65.1,31.6,REPLIEE,6313
33,177.3,64.8,31.8,REPLIEE,4228
32,177.26,67.53,32.93,REPLIEE,5174
6,176.85,63.2,32.45,REPLIEE,5174
103,178.375,66.821,33.041,REPLIEE,5142
71,177.335,63.819,32.639,REPLIEE,5142
25,176.04,62.83,32.90,REPLIEE,5027
39,178.41,65.84,32.30,REPLIEE,5027
48,175.42,62.89,34.25,REPLIEE,5027
5,173.61,63.05,32.00,REPLIEE,5027
50,176.04,63.36,31.73,REPLIEE,5027
64,178.57,63.41,33.57,REPLIEE,5027
83,176.25,63.38,32.51,REPLIEE,5027
93,176.25,63.51,32.29,REPLIEE,5027
36,173.423,61.522,28.300,REPLIEE,4959
101,176.691,62.539,32.715,REPLIEE,5212
121,176.464,63.263,31.967,REPLIEE,5212
38,177.648,63.344,31.919,REPLIEE,5212
70,177.540,63.985,31.688,REPLIEE,5212
90,176.703,62.829,32.497,REPLIEE,5212
97,175.710,62.393,31.683,REPLIEE,5212
145,176.235,63.606,32.074,REPLIEE,5677
41,177.971,64.374,31.725,REPLIEE,5677
46,179.531,65.830,30.859,REPLIEE,5677
67,177.923,65.604,31.999,REPLIEE,5677
12,175.831,62.482,35.877,REPLIEE,5472
22,176.689,63.085,33.414,REPLIEE,5472
25,178.56,63.61,31.12,REPLIEE,4893
42,178.67,65.16,31.64,REPLIEE,4893
44,177.79,64.13,32.08,REPLIEE,4893
73,177.30,63.10,31.12,REPLIEE,4893
76,177.35,62.51,31.05,REPLIEE,4893
97,176.27,61.47,30.09,REPLIEE,4893
